"","Year","Lepidoptera","Med","DayL50","yday","Elev","Veg","Moon","Temp"
"1",2017,0,1247.805,62.2,157,1709.162964,18.1054554,0.95,18.538586957
"2",2017,0,3692.49541666667,45.4,158,1767.854858,48.88761139,0.98,17.020833333
"3",2017,1,5072.64,71.8,159,1944.049561,30.82118607,1,9.8101190476
"4",2017,0,880.618333333333,60.4,160,1709.162964,18.1054554,0.99,7.3970238095
"5",2017,1,880.618333333333,60.4,160,1709.162964,18.1054554,0.99,7.3970238095
"6",2017,1,880.618333333333,60.4,160,1709.162964,18.1054554,0.99,7.3970238095
"7",2017,807,880.618333333333,60.4,160,1709.162964,18.1054554,0.99,7.3970238095
"8",2017,103,880.618333333333,60.4,160,1709.162964,18.1054554,0.99,7.3970238095
"9",2017,6,3380.71333333333,45.1,160,1767.854858,48.88761139,0.99,7.3970238095
"10",2017,0,3380.71333333333,45.1,160,1767.854858,48.88761139,0.99,7.3970238095
"11",2017,0,3380.71333333333,45.1,160,1767.854858,48.88761139,0.99,7.3970238095
"12",2017,0,3380.71333333333,45.1,160,1767.854858,48.88761139,0.99,7.3970238095
"13",2017,0,4810.18615384615,69.5,160,1812.268188,22.68836784,0.99,7.3970238095
"14",2017,0,5280.12041666667,71.3,161,1944.049561,30.82118607,0.97,8.7244047619
"15",2017,0,5280.12041666667,71.3,161,1944.049561,30.82118607,0.97,8.7244047619
"16",2017,0,5280.12041666667,71.3,161,1944.049561,30.82118607,0.97,8.7244047619
"17",2017,63,1922.28791666667,70.7,161,2024.396118,21.86816788,0.97,8.7244047619
"18",2017,0,4980.9,74,161,1965.942017,21.66379547,0.97,8.7244047619
"19",2017,0,4972.82416666667,69.4,162,1812.268188,22.68836784,0.93,6.7410714286
"20",2017,3,4972.82416666667,69.4,162,1812.268188,22.68836784,0.93,6.7410714286
"21",2017,1,4972.82416666667,69.4,162,1812.268188,22.68836784,0.93,6.7410714286
"22",2017,94,4972.82416666667,69.4,162,1812.268188,22.68836784,0.93,6.7410714286
"23",2017,0,4972.82416666667,69.4,162,1812.268188,22.68836784,0.93,6.7410714286
"24",2017,0,4940.33142857143,67.3,162,1828.495117,18.12034416,0.93,6.7410714286
"25",2017,0,907.116477596017,54.9,163,1903.560669,57.5959549,0.88,5.4029761905
"26",2017,0,1729.834375,71.5,163,1918.244873,23.75061989,0.88,5.4029761905
"27",2017,27,1729.834375,71.5,163,1918.244873,23.75061989,0.88,5.4029761905
"28",2017,0,1729.834375,71.5,163,1918.244873,23.75061989,0.88,5.4029761905
"29",2017,0,1729.834375,71.5,163,1918.244873,23.75061989,0.88,5.4029761905
"30",2017,117,1729.834375,71.5,163,1918.244873,23.75061989,0.88,5.4029761905
"31",2017,0,2149.2825,71.5,163,2024.396118,21.86816788,0.88,5.4029761905
"32",2017,0,5167.9675,74.1,163,1965.942017,21.66379547,0.88,5.4029761905
"33",2017,95,5167.9675,74.1,163,1965.942017,21.66379547,0.88,5.4029761905
"34",2017,0,5167.9675,74.1,163,1965.942017,21.66379547,0.88,5.4029761905
"35",2017,0,5167.9675,74.1,163,1965.942017,21.66379547,0.88,5.4029761905
"36",2017,0,5094.17333333333,66.5,164,1828.495117,18.12034416,0.81,9.1797619048
"37",2017,11,5094.17333333333,66.5,164,1828.495117,18.12034416,0.81,9.1797619048
"38",2017,0,5094.17333333333,66.5,164,1828.495117,18.12034416,0.81,9.1797619048
"39",2017,0,5094.17333333333,66.5,164,1828.495117,18.12034416,0.81,9.1797619048
"40",2017,0,5094.17333333333,66.5,164,1828.495117,18.12034416,0.81,9.1797619048
"41",2017,0,5654.71,73.2,165,1903.89917,50.36627579,0.72,12.548214286
"42",2017,0,3246.73191176471,55.8,165,1976.284912,34.45703888,0.72,12.548214286
"43",2017,0,3246.73191176471,55.8,165,1976.284912,34.45703888,0.72,12.548214286
"44",2017,2,1795.77958333333,70.3,165,2024.396118,21.86816788,0.72,12.548214286
"45",2017,11,1795.77958333333,70.3,165,2024.396118,21.86816788,0.72,12.548214286
"46",2017,0,1795.77958333333,70.3,165,2024.396118,21.86816788,0.72,12.548214286
"47",2017,0,1795.77958333333,70.3,165,2024.396118,21.86816788,0.72,12.548214286
"48",2017,0,1699.7775,68.2,166,2037.668579,60.92828369,0.63,13.426785714
"49",2017,5,1699.7775,68.2,166,2037.668579,60.92828369,0.63,13.426785714
"50",2017,26,1699.7775,68.2,166,2037.668579,60.92828369,0.63,13.426785714
"51",2017,0,1699.7775,68.2,166,2037.668579,60.92828369,0.63,13.426785714
"52",2017,0,1699.7775,68.2,166,2037.668579,60.92828369,0.63,13.426785714
"53",2017,0,2368.03796052631,48.4,166,2085.868896,34.14422607,0.63,13.426785714
"54",2017,0,3169.41791666667,50.6,167,1900.151367,42.52891541,0.52,12.650595238
"55",2017,0,5680.505,73.2,167,1903.89917,50.36627579,0.52,12.650595238
"56",2017,76,5680.505,73.2,167,1903.89917,50.36627579,0.52,12.650595238
"57",2017,0,5680.505,73.2,167,1903.89917,50.36627579,0.52,12.650595238
"58",2017,610,5680.505,73.2,167,1903.89917,50.36627579,0.52,12.650595238
"59",2017,0,5680.505,73.2,167,1903.89917,50.36627579,0.52,12.650595238
"60",2017,0,1844.67833333333,52.2,168,1986.083252,11.25450611,0.41,14.11547619
"61",2017,0,1594.80208333333,61.2,168,2020.144531,13.11841393,0.41,14.11547619
"62",2017,0,2517.454375,66,168,2049.023438,28.71432304,0.41,14.11547619
"63",2017,0,1878.77291666667,68.2,169,2037.668579,60.92828369,0.31,16.518452381
"64",2017,0,1512.03354166666,58.1,169,2100.415771,42.64966965,0.31,16.518452381
"65",2017,0,1519.88333333333,59.9,170,2100.415771,42.64966965,0.21,19.75026455
"66",2017,56,1519.88333333333,59.9,170,2100.415771,42.64966965,0.21,19.75026455
"67",2017,0,1519.88333333333,59.9,170,2100.415771,42.64966965,0.21,19.75026455
"68",2017,1,1519.88333333333,59.9,170,2100.415771,42.64966965,0.21,19.75026455
"69",2017,119,1519.88333333333,59.9,170,2100.415771,42.64966965,0.21,19.75026455
"70",2017,0,1910.62416666667,54.8,170,1986.083252,11.25450611,0.21,19.75026455
"71",2017,14,1910.62416666667,54.8,170,1986.083252,11.25450611,0.21,19.75026455
"72",2017,0,1910.62416666667,54.8,170,1986.083252,11.25450611,0.21,19.75026455
"73",2017,0,1910.62416666667,54.8,170,1986.083252,11.25450611,0.21,19.75026455
"74",2017,302,1910.62416666667,54.8,170,1986.083252,11.25450611,0.21,19.75026455
"75",2017,0,1625.75666666667,63.9,170,2020.144531,13.11841393,0.21,19.75026455
"76",2017,0,1625.75666666667,63.9,170,2020.144531,13.11841393,0.21,19.75026455
"77",2017,113,1625.75666666667,63.9,170,2020.144531,13.11841393,0.21,19.75026455
"78",2017,312,1625.75666666667,63.9,170,2020.144531,13.11841393,0.21,19.75026455
"79",2017,0,1625.75666666667,63.9,170,2020.144531,13.11841393,0.21,19.75026455
"80",2017,0,2448.50416666667,69.8,170,2049.023438,28.71432304,0.21,19.75026455
"81",2017,0,2448.50416666667,69.8,170,2049.023438,28.71432304,0.21,19.75026455
"82",2017,1,2448.50416666667,69.8,170,2049.023438,28.71432304,0.21,19.75026455
"83",2017,323,2448.50416666667,69.8,170,2049.023438,28.71432304,0.21,19.75026455
"84",2017,53,2448.50416666667,69.8,170,2049.023438,28.71432304,0.21,19.75026455
"85",2017,0,4148.37183333333,45.4,171,1849.310059,81.78470612,0.12,18.281944444
"86",2017,0,4289.14458333333,47.2,171,1902.755615,51.61346436,0.12,18.281944444
"87",2017,0,5346.066875,54.5,171,1970.218628,23.35985374,0.12,18.281944444
"88",2017,0,3164.34260964912,48.8,172,1940.546875,50.02750397,0.05,14.436111111
"89",2017,0,3942.22846491228,68.4,172,1864.632446,29.71431541,0.05,14.436111111
"90",2017,0,6454.03447368421,39.7,172,1818.424683,63.30119324,0.05,14.436111111
"91",2017,2,4754.11275,45.4,173,1849.310059,81.78470612,0.01,13.066203704
"92",2017,2,4754.11275,45.4,173,1849.310059,81.78470612,0.01,13.066203704
"93",2017,720,4754.11275,45.4,173,1849.310059,81.78470612,0.01,13.066203704
"94",2017,0,4754.11275,45.4,173,1849.310059,81.78470612,0.01,13.066203704
"95",2017,2,4754.11275,45.4,173,1849.310059,81.78470612,0.01,13.066203704
"96",2017,0,4501.33645833333,46.8,173,1902.755615,51.61346436,0.01,13.066203704
"97",2017,2,4501.33645833333,46.8,173,1902.755615,51.61346436,0.01,13.066203704
"98",2017,152,4501.33645833333,46.8,173,1902.755615,51.61346436,0.01,13.066203704
"99",2017,0,4501.33645833333,46.8,173,1902.755615,51.61346436,0.01,13.066203704
"100",2017,1,4501.33645833333,46.8,173,1902.755615,51.61346436,0.01,13.066203704
"101",2017,0,5426.59208333333,54.3,173,1970.218628,23.35985374,0.01,13.066203704
"102",2017,2,5426.59208333333,54.3,173,1970.218628,23.35985374,0.01,13.066203704
"103",2017,172,5426.59208333333,54.3,173,1970.218628,23.35985374,0.01,13.066203704
"104",2017,0,5426.59208333333,54.3,173,1970.218628,23.35985374,0.01,13.066203704
"105",2017,0,5426.59208333333,54.3,173,1970.218628,23.35985374,0.01,13.066203704
"106",2017,55,3875.22155701755,49.2,175,1940.546875,50.02750397,0.02,17.781005587
"107",2017,0,3875.22155701755,49.2,175,1940.546875,50.02750397,0.02,17.781005587
"108",2017,136,3875.22155701755,49.2,175,1940.546875,50.02750397,0.02,17.781005587
"109",2017,0,3875.22155701755,49.2,175,1940.546875,50.02750397,0.02,17.781005587
"110",2017,5,3875.22155701755,49.2,175,1940.546875,50.02750397,0.02,17.781005587
"111",2017,0,4203.60195175439,68.8,175,1864.632446,29.71431541,0.02,17.781005587
"112",2017,108,4203.60195175439,68.8,175,1864.632446,29.71431541,0.02,17.781005587
"113",2017,0,4203.60195175439,68.8,175,1864.632446,29.71431541,0.02,17.781005587
"114",2017,0,4203.60195175439,68.8,175,1864.632446,29.71431541,0.02,17.781005587
"115",2017,912,4203.60195175439,68.8,175,1864.632446,29.71431541,0.02,17.781005587
"116",2017,34,7037.41427631579,39.6,175,1818.424683,63.30119324,0.02,17.781005587
"117",2017,0,7037.41427631579,39.6,175,1818.424683,63.30119324,0.02,17.781005587
"118",2017,1,7037.41427631579,39.6,175,1818.424683,63.30119324,0.02,17.781005587
"119",2017,6,7037.41427631579,39.6,175,1818.424683,63.30119324,0.02,17.781005587
"120",2017,1405,7037.41427631579,39.6,175,1818.424683,63.30119324,0.02,17.781005587
"121",2017,3,8747.41416666667,41.2,175,1833.643677,67.1856842,0.02,17.781005587
"122",2017,0,5118.17416666667,70.7,184,1918.244873,23.75061989,0.8,19.340277778
"123",2017,0,6182.27166666667,62.1,186,1709.162964,18.1054554,0.92,20.9625
"124",2017,0,9427.05625,44.5,186,1767.854858,48.88761139,0.92,20.9625
"125",2017,0,7240.54041666667,70.1,186,1812.268188,22.68836784,0.92,20.9625
"126",2017,0,5241.76375,49.8,187,1902.755615,51.61346436,0.97,21.503125
"127",2017,0,5387.33833333333,53.8,187,1970.218628,23.35985374,0.97,21.503125
"128",2017,0,2031.07479166667,72.5,187,2037.668579,60.92828369,0.97,21.503125
"129",2017,14,8486.238,61.5,188,1709.162964,18.1054554,0.99,21.760576923
"130",2017,1236,8486.238,61.5,188,1709.162964,18.1054554,0.99,21.760576923
"131",2017,7,8486.238,61.5,188,1709.162964,18.1054554,0.99,21.760576923
"132",2017,8,8486.238,61.5,188,1709.162964,18.1054554,0.99,21.760576923
"133",2017,11,10335.9371428571,45.4,188,1767.854858,48.88761139,0.99,21.760576923
"134",2017,231,10335.9371428571,45.4,188,1767.854858,48.88761139,0.99,21.760576923
"135",2017,1,10335.9371428571,45.4,188,1767.854858,48.88761139,0.99,21.760576923
"136",2017,0,10335.9371428571,45.4,188,1767.854858,48.88761139,0.99,21.760576923
"137",2017,163,10335.9371428571,45.4,188,1767.854858,48.88761139,0.99,21.760576923
"138",2017,531,7075.4525,69.5,188,1812.268188,22.68836784,0.99,21.760576923
"139",2017,7,7310.07416666667,70.8,189,1812.268188,22.68836784,1,21.141203704
"140",2017,2,7310.07416666667,70.8,189,1812.268188,22.68836784,1,21.141203704
"141",2017,155,7310.07416666667,70.8,189,1812.268188,22.68836784,1,21.141203704
"142",2017,3,7310.07416666667,70.8,189,1812.268188,22.68836784,1,21.141203704
"143",2017,0,7362.11208333333,66.3,189,1828.495117,18.12034416,1,21.141203704
"144",2017,16,1951.07882575758,73.2,189,2037.668579,60.92828369,1,21.141203704
"145",2017,69,1951.07882575758,73.2,189,2037.668579,60.92828369,1,21.141203704
"146",2017,2,1951.07882575758,73.2,189,2037.668579,60.92828369,1,21.141203704
"147",2017,1084,1951.07882575758,73.2,189,2037.668579,60.92828369,1,21.141203704
"148",2017,5,1951.07882575758,73.2,189,2037.668579,60.92828369,1,21.141203704
"149",2017,7,3692.49625,50.4,190,1902.755615,51.61346436,0.99,19.575925926
"150",2017,120,3692.49625,50.4,190,1902.755615,51.61346436,0.99,19.575925926
"151",2017,2,3692.49625,50.4,190,1902.755615,51.61346436,0.99,19.575925926
"152",2017,1,3692.49625,50.4,190,1902.755615,51.61346436,0.99,19.575925926
"153",2017,48,3692.49625,50.4,190,1902.755615,51.61346436,0.99,19.575925926
"154",2017,1,5236.60583333333,54.1,190,1970.218628,23.35985374,0.99,19.575925926
"155",2017,0,5236.60583333333,54.1,190,1970.218628,23.35985374,0.99,19.575925926
"156",2017,1303,5236.60583333333,54.1,190,1970.218628,23.35985374,0.99,19.575925926
"157",2017,107,5236.60583333333,54.1,190,1970.218628,23.35985374,0.99,19.575925926
"158",2017,0,5236.60583333333,54.1,190,1970.218628,23.35985374,0.99,19.575925926
"159",2017,0,6268.40583333333,73.5,190,1903.89917,50.36627579,0.99,19.575925926
"160",2017,0,6972.27041666667,67.9,191,1828.495117,18.12034416,0.96,18.283796296
"161",2017,463,6972.27041666667,67.9,191,1828.495117,18.12034416,0.96,18.283796296
"162",2017,13,6972.27041666667,67.9,191,1828.495117,18.12034416,0.96,18.283796296
"163",2017,36,6972.27041666667,67.9,191,1828.495117,18.12034416,0.96,18.283796296
"164",2017,2,6972.27041666667,67.9,191,1828.495117,18.12034416,0.96,18.283796296
"165",2017,0,1702.01958333333,70.7,191,2024.396118,21.86816788,0.96,18.283796296
"166",2017,0,5542.55666666667,74,191,1965.942017,21.66379547,0.96,18.283796296
"167",2017,2,5036.07833333333,71.5,192,1918.244873,23.75061989,0.91,17.957407407
"168",2017,0,5903.23833333333,74.1,192,1903.89917,50.36627579,0.91,17.957407407
"169",2017,77,5903.23833333333,74.1,192,1903.89917,50.36627579,0.91,17.957407407
"170",2017,0,5903.23833333333,74.1,192,1903.89917,50.36627579,0.91,17.957407407
"171",2017,0,5903.23833333333,74.1,192,1903.89917,50.36627579,0.91,17.957407407
"172",2017,374,5903.23833333333,74.1,192,1903.89917,50.36627579,0.91,17.957407407
"173",2017,0,2259.19166666667,43.8,193,1849.310059,81.78470612,0.84,20.161574074
"175",2017,0,1754.50791666667,71.5,193,2024.396118,21.86816788,0.84,20.161574074
"176",2017,18,1754.50791666667,71.5,193,2024.396118,21.86816788,0.84,20.161574074
"177",2017,1,1754.50791666667,71.5,193,2024.396118,21.86816788,0.84,20.161574074
"178",2017,0,5456.87208333333,74.1,193,1965.942017,21.66379547,0.84,20.161574074
"179",2017,0,5456.87208333333,74.1,193,1965.942017,21.66379547,0.84,20.161574074
"180",2017,158,5456.87208333333,74.1,193,1965.942017,21.66379547,0.84,20.161574074
"181",2017,269,5456.87208333333,74.1,193,1965.942017,21.66379547,0.84,20.161574074
"182",2017,0,5456.87208333333,74.1,193,1965.942017,21.66379547,0.84,20.161574074
"183",2017,0,4115.98125,48.7,194,1940.546875,50.02750397,0.76,20.051388889
"184",2017,0,3308.03875,69,194,1918.244873,23.75061989,0.76,20.051388889
"185",2017,1,3308.03875,69,194,1918.244873,23.75061989,0.76,20.051388889
"186",2017,16,3308.03875,69,194,1918.244873,23.75061989,0.76,20.051388889
"187",2017,6,3308.03875,69,194,1918.244873,23.75061989,0.76,20.051388889
"188",2017,0,1088.77208333333,65.8,195,1864.632446,29.71431541,0.66,21.391203704
"189",2017,1,5974.56708333333,45.4,195,1849.310059,81.78470612,0.66,21.391203704
"190",2017,258,5974.56708333333,45.4,195,1849.310059,81.78470612,0.66,21.391203704
"191",2017,0,5974.56708333333,45.4,195,1849.310059,81.78470612,0.66,21.391203704
"192",2017,8,5974.56708333333,45.4,195,1849.310059,81.78470612,0.66,21.391203704
"193",2017,0,4568.851875,47.9,196,1940.546875,50.02750397,0.56,19.941203704
"194",2017,22,4568.851875,47.9,196,1940.546875,50.02750397,0.56,19.941203704
"195",2017,2838,4568.851875,47.9,196,1940.546875,50.02750397,0.56,19.941203704
"196",2017,226,4568.851875,47.9,196,1940.546875,50.02750397,0.56,19.941203704
"197",2017,0,7380.28104166667,39.9,196,1818.424683,63.30119324,0.56,19.941203704
"198",2017,8,7380.28104166667,39.9,196,1818.424683,63.30119324,0.56,19.941203704
"199",2017,302,7380.28104166667,39.9,196,1818.424683,63.30119324,0.56,19.941203704
"200",2017,4196,7380.28104166667,39.9,196,1818.424683,63.30119324,0.56,19.941203704
"201",2017,16,7380.28104166667,39.9,196,1818.424683,63.30119324,0.56,19.941203704
"202",2017,1,7380.28104166667,39.9,196,1818.424683,63.30119324,0.56,19.941203704
"203",2017,0,1009.81708333333,67.7,197,1864.632446,29.71431541,0.45,18.669907407
"204",2017,0,1009.81708333333,67.7,197,1864.632446,29.71431541,0.45,18.669907407
"205",2017,1357,1009.81708333333,67.7,197,1864.632446,29.71431541,0.45,18.669907407
"206",2017,6,1009.81708333333,67.7,197,1864.632446,29.71431541,0.45,18.669907407
"207",2017,0,5154.0625,70.9,197,1944.049561,30.82118607,0.45,18.669907407
"208",2017,3,5154.0625,70.9,197,1944.049561,30.82118607,0.45,18.669907407
"209",2017,1,5154.0625,70.9,197,1944.049561,30.82118607,0.45,18.669907407
"210",2017,0,5154.0625,70.9,197,1944.049561,30.82118607,0.45,18.669907407
"211",2017,304,5154.0625,70.9,197,1944.049561,30.82118607,0.45,18.669907407
"212",2017,2257,5154.0625,70.9,197,1944.049561,30.82118607,0.45,18.669907407
"213",2017,0,1761.235,57.3,198,2100.415771,42.64966965,0.34,18.41712963
"214",2017,0,1523.19044384058,61.2,198,2020.144531,13.11841393,0.34,18.41712963
"215",2017,2,1484.09,59.9,200,2100.415771,42.64966965,0.14,18.474157303
"216",2017,34,1484.09,59.9,200,2100.415771,42.64966965,0.14,18.474157303
"217",2017,142,1484.09,59.9,200,2100.415771,42.64966965,0.14,18.474157303
"218",2017,0,1484.09,59.9,200,2100.415771,42.64966965,0.14,18.474157303
"219",2017,0,1515.28130434783,63.9,200,2020.144531,13.11841393,0.14,18.474157303
"220",2017,2,1515.28130434783,63.9,200,2020.144531,13.11841393,0.14,18.474157303
"221",2017,0,1515.28130434783,63.9,200,2020.144531,13.11841393,0.14,18.474157303
"222",2017,402,1515.28130434783,63.9,200,2020.144531,13.11841393,0.14,18.474157303
"223",2017,154,1515.28130434783,63.9,200,2020.144531,13.11841393,0.14,18.474157303
"224",2017,480,1486.98666666667,70,202,1918.244873,23.75061989,0.02,18.189473684
"225",2017,461,1591.21458333333,70.4,202,2024.396118,21.86816788,0.02,18.189473684
"226",2017,1463,1591.21458333333,70.4,202,2024.396118,21.86816788,0.02,18.189473684
"227",2018,0,1657.15958333333,63.6,140,1918.244873,23.75061989,0.4,12.410833333
"228",2018,0,2574.78645833333,45.2,142,1849.310059,81.78470612,0.63,10.9225
"229",2018,0,2574.78645833333,45.2,142,1849.310059,81.78470612,0.63,10.9225
"230",2018,116,2574.78645833333,45.2,142,1849.310059,81.78470612,0.63,10.9225
"231",2018,0,2574.78645833333,45.2,142,1849.310059,81.78470612,0.63,10.9225
"232",2018,6,2574.78645833333,45.2,142,1849.310059,81.78470612,0.63,10.9225
"233",2018,0,1829.425,55.1,142,1902.755615,51.61346436,0.63,10.9225
"234",2018,0,1804.30333333333,64.5,142,1970.218628,23.35985374,0.63,10.9225
"235",2018,0,1733.87166666667,64.1,142,1918.244873,23.75061989,0.63,10.9225
"236",2018,7,1733.87166666667,64.1,142,1918.244873,23.75061989,0.63,10.9225
"237",2018,0,1733.87166666667,64.1,142,1918.244873,23.75061989,0.63,10.9225
"238",2018,276,1733.87166666667,64.1,142,1918.244873,23.75061989,0.63,10.9225
"239",2018,0,1478.38791666667,54,144,1902.755615,51.61346436,0.82,15.140833333
"240",2018,0,1478.38791666667,54,144,1902.755615,51.61346436,0.82,15.140833333
"241",2018,4,1478.38791666667,54,144,1902.755615,51.61346436,0.82,15.140833333
"242",2018,0,1478.38791666667,54,144,1902.755615,51.61346436,0.82,15.140833333
"243",2018,32,1478.38791666667,54,144,1902.755615,51.61346436,0.82,15.140833333
"244",2018,0,1641.68208333333,65,144,1970.218628,23.35985374,0.82,15.140833333
"245",2018,0,1641.68208333333,65,144,1970.218628,23.35985374,0.82,15.140833333
"246",2018,6,1641.68208333333,65,144,1970.218628,23.35985374,0.82,15.140833333
"247",2018,0,1641.68208333333,65,144,1970.218628,23.35985374,0.82,15.140833333
"248",2018,40,1641.68208333333,65,144,1970.218628,23.35985374,0.82,15.140833333
"249",2018,1,1140.81083333333,61.9,147,1709.162964,18.1054554,0.98,11.590833333
"250",2018,0,4002.61534946236,64.2,147,1812.268188,22.68836784,0.98,11.590833333
"251",2018,71,1159.65416666667,62.3,149,1709.162964,18.1054554,0.99,10.905208333
"252",2018,0,1159.65416666667,62.3,149,1709.162964,18.1054554,0.99,10.905208333
"253",2018,4,1159.65416666667,62.3,149,1709.162964,18.1054554,0.99,10.905208333
"254",2018,0,4037.92458333333,36.5,149,1767.854858,48.88761139,0.99,10.905208333
"255",2018,0,4144.23088709677,64.2,149,1812.268188,22.68836784,0.99,10.905208333
"256",2018,96,4144.23088709677,64.2,149,1812.268188,22.68836784,0.99,10.905208333
"257",2018,10,4144.23088709677,64.2,149,1812.268188,22.68836784,0.99,10.905208333
"258",2018,0,4144.23088709677,64.2,149,1812.268188,22.68836784,0.99,10.905208333
"259",2018,0,4144.23088709677,64.2,149,1812.268188,22.68836784,0.99,10.905208333
"260",2018,0,3465.05208333333,58.8,149,1828.495117,18.12034416,0.99,10.905208333
"262",2018,0,3788.49770833333,38.3,151,1767.854858,48.88761139,0.93,7.7697916667
"263",2018,4,3788.49770833333,38.3,151,1767.854858,48.88761139,0.93,7.7697916667
"264",2018,0,3788.49770833333,38.3,151,1767.854858,48.88761139,0.93,7.7697916667
"265",2018,22,3788.49770833333,38.3,151,1767.854858,48.88761139,0.93,7.7697916667
"266",2018,0,3788.49770833333,38.3,151,1767.854858,48.88761139,0.93,7.7697916667
"267",2018,0,3154.61395833333,59.1,151,1828.495117,18.12034416,0.93,7.7697916667
"268",2018,0,3154.61395833333,59.1,151,1828.495117,18.12034416,0.93,7.7697916667
"269",2018,1,3154.61395833333,59.1,151,1828.495117,18.12034416,0.93,7.7697916667
"270",2018,18,3154.61395833333,59.1,151,1828.495117,18.12034416,0.93,7.7697916667
"271",2018,83,3154.61395833333,59.1,151,1828.495117,18.12034416,0.93,7.7697916667
"272",2018,0,2597.82714285714,58.6,154,2037.668579,60.92828369,0.73,14.894791667
"273",2018,0,1933.50291666667,66.1,156,2037.668579,60.92828369,0.55,15.319587629
"274",2018,38,1933.50291666667,66.1,156,2037.668579,60.92828369,0.55,15.319587629
"275",2018,207,1933.50291666667,66.1,156,2037.668579,60.92828369,0.55,15.319587629
"276",2018,0,1933.50291666667,66.1,156,2037.668579,60.92828369,0.55,15.319587629
"277",2018,0,4778.12895833333,76.5,156,1903.89917,50.36627579,0.55,15.319587629
"278",2018,0,4778.12895833333,76.5,156,1903.89917,50.36627579,0.55,15.319587629
"279",2018,0,4778.12895833333,76.5,156,1903.89917,50.36627579,0.55,15.319587629
"280",2018,0,4778.12895833333,76.5,156,1903.89917,50.36627579,0.55,15.319587629
"281",2018,506,4778.12895833333,76.5,156,1903.89917,50.36627579,0.55,15.319587629
"282",2018,0,4778.12895833333,76.5,156,1903.89917,50.36627579,0.55,15.319587629
"283",2018,0,1525.35567934783,70.5,156,2024.396118,21.86816788,0.55,15.319587629
"284",2018,1,5510.48125,72.7,156,1965.942017,21.66379547,0.55,15.319587629
"285",2018,0,1621.72,70.3,158,2024.396118,21.86816788,0.35,14.283673469
"286",2018,0,1621.72,70.3,158,2024.396118,21.86816788,0.35,14.283673469
"287",2018,0,1621.72,70.3,158,2024.396118,21.86816788,0.35,14.283673469
"288",2018,708,1621.72,70.3,158,2024.396118,21.86816788,0.35,14.283673469
"289",2018,0,5443.415,71.8,158,1965.942017,21.66379547,0.35,14.283673469
"290",2018,1,5443.415,71.8,158,1965.942017,21.66379547,0.35,14.283673469
"291",2018,39,5443.415,71.8,158,1965.942017,21.66379547,0.35,14.283673469
"292",2018,0,5443.415,71.8,158,1965.942017,21.66379547,0.35,14.283673469
"293",2018,588,5443.415,71.8,158,1965.942017,21.66379547,0.35,14.283673469
"294",2018,0,4247.42375,45.4,161,1818.424683,63.30119324,0.09,7.7916666667
"295",2018,0,5134.99625,71,161,1944.049561,30.82118607,0.09,7.7916666667
"296",2018,8,4593.974375,37.2,163,1818.424683,63.30119324,0.01,15.088888889
"297",2018,154,4593.974375,37.2,163,1818.424683,63.30119324,0.01,15.088888889
"298",2018,1,4593.974375,37.2,163,1818.424683,63.30119324,0.01,15.088888889
"299",2018,0,4593.974375,37.2,163,1818.424683,63.30119324,0.01,15.088888889
"300",2018,0,2098.59125,61.2,163,1970.218628,23.35985374,0.01,15.088888889
"301",2018,0,1506.09954545455,65,163,1918.244873,23.75061989,0.01,15.088888889
"302",2018,0,5436.23583333333,69.8,163,1944.049561,30.82118607,0.01,15.088888889
"303",2018,3,5436.23583333333,69.8,163,1944.049561,30.82118607,0.01,15.088888889
"304",2018,129,5436.23583333333,69.8,163,1944.049561,30.82118607,0.01,15.088888889
"305",2018,0,5436.23583333333,69.8,163,1944.049561,30.82118607,0.01,15.088888889
"306",2018,1,5436.23583333333,69.8,163,1944.049561,30.82118607,0.01,15.088888889
"307",2018,0,1903.445,60.3,165,1970.218628,23.35985374,0.03,11.603409091
"308",2018,0,1903.445,60.3,165,1970.218628,23.35985374,0.03,11.603409091
"309",2018,0,1903.445,60.3,165,1970.218628,23.35985374,0.03,11.603409091
"310",2018,452,1903.445,60.3,165,1970.218628,23.35985374,0.03,11.603409091
"311",2018,59,1903.445,60.3,165,1970.218628,23.35985374,0.03,11.603409091
"312",2018,0,1512.21681818182,64.9,165,1918.244873,23.75061989,0.03,11.603409091
"313",2018,2,1512.21681818182,64.9,165,1918.244873,23.75061989,0.03,11.603409091
"314",2018,596,1512.21681818182,64.9,165,1918.244873,23.75061989,0.03,11.603409091
"315",2018,0,1512.21681818182,64.9,165,1918.244873,23.75061989,0.03,11.603409091
"316",2018,4,1512.21681818182,64.9,165,1918.244873,23.75061989,0.03,11.603409091
"317",2018,0,1924.97916666667,47.7,168,1986.083252,11.25450611,0.27,8.7513888889
"318",2018,0,1709.36672161172,54.3,168,2020.144531,13.11841393,0.27,8.7513888889
"319",2018,0,1425.70921568627,69.3,168,2049.023438,28.71432304,0.27,8.7513888889
"320",2018,0,1754.555,54.5,170,2100.415771,42.64966965,0.48,12.601388889
"321",2018,0,1754.555,54.5,170,2100.415771,42.64966965,0.48,12.601388889
"322",2018,0,1754.555,54.5,170,2100.415771,42.64966965,0.48,12.601388889
"323",2018,0,1754.555,54.5,170,2100.415771,42.64966965,0.48,12.601388889
"324",2018,23,1754.555,54.5,170,2100.415771,42.64966965,0.48,12.601388889
"325",2018,0,1754.555,54.5,170,2100.415771,42.64966965,0.48,12.601388889
"326",2018,0,1979.709375,47.8,170,1986.083252,11.25450611,0.48,12.601388889
"327",2018,0,1979.709375,47.8,170,1986.083252,11.25450611,0.48,12.601388889
"328",2018,0,1979.709375,47.8,170,1986.083252,11.25450611,0.48,12.601388889
"329",2018,46,1979.709375,47.8,170,1986.083252,11.25450611,0.48,12.601388889
"330",2018,7,1979.709375,47.8,170,1986.083252,11.25450611,0.48,12.601388889
"331",2018,0,1711.04268772894,54.6,170,2020.144531,13.11841393,0.48,12.601388889
"332",2018,0,1711.04268772894,54.6,170,2020.144531,13.11841393,0.48,12.601388889
"333",2018,0,1711.04268772894,54.6,170,2020.144531,13.11841393,0.48,12.601388889
"334",2018,55,1711.04268772894,54.6,170,2020.144531,13.11841393,0.48,12.601388889
"335",2018,5,1711.04268772894,54.6,170,2020.144531,13.11841393,0.48,12.601388889
"336",2018,0,1412.54661764706,69.1,170,2049.023438,28.71432304,0.48,12.601388889
"337",2018,4,1412.54661764706,69.1,170,2049.023438,28.71432304,0.48,12.601388889
"338",2018,0,1412.54661764706,69.1,170,2049.023438,28.71432304,0.48,12.601388889
"339",2018,51,1412.54661764706,69.1,170,2049.023438,28.71432304,0.48,12.601388889
"340",2018,0,1412.54661764706,69.1,170,2049.023438,28.71432304,0.48,12.601388889
"341",2018,0,4578.49625,38.7,171,1767.854858,48.88761139,0.59,13.505555556
"342",2018,1,3109.75291666667,57.1,171,1828.495117,18.12034416,0.59,13.505555556
"343",2018,9,5158.32375,35.9,173,1767.854858,48.88761139,0.78,12.381944444
"344",2018,1,5158.32375,35.9,173,1767.854858,48.88761139,0.78,12.381944444
"345",2018,84,5158.32375,35.9,173,1767.854858,48.88761139,0.78,12.381944444
"346",2018,43,5158.32375,35.9,173,1767.854858,48.88761139,0.78,12.381944444
"347",2018,0,5158.32375,35.9,173,1767.854858,48.88761139,0.78,12.381944444
"348",2018,2,2995.13395833333,56.7,173,1828.495117,18.12034416,0.78,12.381944444
"349",2018,1,2995.13395833333,56.7,173,1828.495117,18.12034416,0.78,12.381944444
"350",2018,95,2995.13395833333,56.7,173,1828.495117,18.12034416,0.78,12.381944444
"351",2018,1,2995.13395833333,56.7,173,1828.495117,18.12034416,0.78,12.381944444
"352",2018,259,2995.13395833333,56.7,173,1828.495117,18.12034416,0.78,12.381944444
"353",2018,0,4676.96708333333,51.9,175,1940.546875,50.02750397,0.92,15.783333333
"354",2018,0,1311.05770833333,61.8,175,1864.632446,29.71431541,0.92,15.783333333
"355",2018,0,4541.26333333333,52.1,177,1940.546875,50.02750397,0.99,15.388541667
"356",2018,6,4541.26333333333,52.1,177,1940.546875,50.02750397,0.99,15.388541667
"357",2018,427,4541.26333333333,52.1,177,1940.546875,50.02750397,0.99,15.388541667
"358",2018,0,4541.26333333333,52.1,177,1940.546875,50.02750397,0.99,15.388541667
"359",2018,66,4541.26333333333,52.1,177,1940.546875,50.02750397,0.99,15.388541667
"360",2018,0,1199.80291666667,63.2,177,1864.632446,29.71431541,0.99,15.388541667
"361",2018,3,1199.80291666667,63.2,177,1864.632446,29.71431541,0.99,15.388541667
"362",2018,752,1199.80291666667,63.2,177,1864.632446,29.71431541,0.99,15.388541667
"363",2018,109,1199.80291666667,63.2,177,1864.632446,29.71431541,0.99,15.388541667
"364",2018,2,1199.80291666667,63.2,177,1864.632446,29.71431541,0.99,15.388541667
"365",2018,0,1630.42191666667,71.9,178,2024.396118,21.86816788,1,16.16875
"366",2018,0,5543.90333333333,74.7,178,1965.942017,21.66379547,1,16.16875
"367",2018,0,1625.27780555556,72,180,2024.396118,21.86816788,0.96,11.272164948
"368",2018,4,1625.27780555556,72,180,2024.396118,21.86816788,0.96,11.272164948
"369",2018,5,1625.27780555556,72,180,2024.396118,21.86816788,0.96,11.272164948
"370",2018,0,1625.27780555556,72,180,2024.396118,21.86816788,0.96,11.272164948
"371",2018,151,1625.27780555556,72,180,2024.396118,21.86816788,0.96,11.272164948
"372",2018,0,5544.35104166667,74.6,180,1965.942017,21.66379547,0.96,11.272164948
"373",2018,4,5544.35104166667,74.6,180,1965.942017,21.66379547,0.96,11.272164948
"374",2018,1,5544.35104166667,74.6,180,1965.942017,21.66379547,0.96,11.272164948
"375",2018,0,5544.35104166667,74.6,180,1965.942017,21.66379547,0.96,11.272164948
"376",2018,32,5544.35104166667,74.6,180,1965.942017,21.66379547,0.96,11.272164948
"377",2018,0,894.525833333333,62,182,1709.162964,18.1054554,0.86,15.326041667
"378",2018,0,4299.66259803922,69,182,1812.268188,22.68836784,0.86,15.326041667
"379",2018,0,899.685,61.1,184,1709.162964,18.1054554,0.7,14.969791667
"380",2018,3,899.685,61.1,184,1709.162964,18.1054554,0.7,14.969791667
"381",2018,122,899.685,61.1,184,1709.162964,18.1054554,0.7,14.969791667
"382",2018,47,899.685,61.1,184,1709.162964,18.1054554,0.7,14.969791667
"383",2018,1,899.685,61.1,184,1709.162964,18.1054554,0.7,14.969791667
"384",2018,0,4341.07779411765,68.4,184,1812.268188,22.68836784,0.7,14.969791667
"385",2018,7,4341.07779411765,68.4,184,1812.268188,22.68836784,0.7,14.969791667
"386",2018,52,4341.07779411765,68.4,184,1812.268188,22.68836784,0.7,14.969791667
"387",2018,174,4341.07779411765,68.4,184,1812.268188,22.68836784,0.7,14.969791667
"388",2018,0,4341.07779411765,68.4,184,1812.268188,22.68836784,0.7,14.969791667
"389",2018,0,3455.63041666667,45.3,184,1849.310059,81.78470612,0.7,14.969791667
"390",2018,1,2402.85254901961,58.6,184,2037.668579,60.92828369,0.7,14.969791667
"391",2018,23,3272.59854166667,43.8,186,1849.310059,81.78470612,0.5,19.334090909
"392",2018,5,3272.59854166667,43.8,186,1849.310059,81.78470612,0.5,19.334090909
"393",2018,1,3272.59854166667,43.8,186,1849.310059,81.78470612,0.5,19.334090909
"394",2018,0,3272.59854166667,43.8,186,1849.310059,81.78470612,0.5,19.334090909
"395",2018,932,3272.59854166667,43.8,186,1849.310059,81.78470612,0.5,19.334090909
"396",2018,2,2306.95593137255,60.3,186,2037.668579,60.92828369,0.5,19.334090909
"397",2018,290,2306.95593137255,60.3,186,2037.668579,60.92828369,0.5,19.334090909
"398",2018,3,2306.95593137255,60.3,186,2037.668579,60.92828369,0.5,19.334090909
"399",2018,2078,2306.95593137255,60.3,186,2037.668579,60.92828369,0.5,19.334090909
"400",2018,48,2306.95593137255,60.3,186,2037.668579,60.92828369,0.5,19.334090909
"401",2018,0,1899.183125,54,189,1902.755615,51.61346436,0.2,22.378787879
"402",2018,3,3493.31333333333,54.4,191,1940.546875,50.02750397,0.05,19.475
"403",2018,0,616.39,64.8,191,1864.632446,29.71431541,0.05,19.475
"404",2018,0,1830.77125,55,191,1902.755615,51.61346436,0.05,19.475
"405",2018,37,1830.77125,55,191,1902.755615,51.61346436,0.05,19.475
"406",2018,0,1830.77125,55,191,1902.755615,51.61346436,0.05,19.475
"407",2018,169,1830.77125,55,191,1902.755615,51.61346436,0.05,19.475
"408",2018,0,1830.77125,55,191,1902.755615,51.61346436,0.05,19.475
"409",2018,0,4573.11458333333,71,191,1944.049561,30.82118607,0.05,19.475
"410",2018,142,4573.11458333333,71,191,1944.049561,30.82118607,0.05,19.475
"411",2018,2052,4573.11458333333,71,191,1944.049561,30.82118607,0.05,19.475
"412",2018,1,4573.11458333333,71,191,1944.049561,30.82118607,0.05,19.475
"413",2018,0,4573.11458333333,71,191,1944.049561,30.82118607,0.05,19.475
"414",2018,377,3713.29232142857,52.8,193,1940.546875,50.02750397,0,21.628
"415",2018,0,3713.29232142857,52.8,193,1940.546875,50.02750397,0,21.628
"416",2018,1,3713.29232142857,52.8,193,1940.546875,50.02750397,0,21.628
"417",2018,3857,3713.29232142857,52.8,193,1940.546875,50.02750397,0,21.628
"418",2018,19,3713.29232142857,52.8,193,1940.546875,50.02750397,0,21.628
"419",2018,220,665.864880952381,63.9,193,1864.632446,29.71431541,0,21.628
"420",2018,2332,665.864880952381,63.9,193,1864.632446,29.71431541,0,21.628
"421",2018,0,665.864880952381,63.9,193,1864.632446,29.71431541,0,21.628
"422",2018,17,665.864880952381,63.9,193,1864.632446,29.71431541,0,21.628
"423",2018,1,4732.81791666667,35.1,200,1818.424683,63.30119324,0.55,25.529166667
"424",2018,926,4732.81791666667,35.1,200,1818.424683,63.30119324,0.55,25.529166667
"425",2018,16,4732.81791666667,35.1,200,1818.424683,63.30119324,0.55,25.529166667
"426",2018,6815,4732.81791666667,35.1,200,1818.424683,63.30119324,0.55,25.529166667
"427",2018,39,4732.81791666667,35.1,200,1818.424683,63.30119324,0.55,25.529166667
"428",2018,0,4732.81791666667,35.1,200,1818.424683,63.30119324,0.55,25.529166667
"429",2018,6,3780.42291666667,78.9,200,1903.89917,50.36627579,0.55,25.529166667
"430",2018,289,3780.42291666667,78.9,200,1903.89917,50.36627579,0.55,25.529166667
"431",2018,626,3780.42291666667,78.9,200,1903.89917,50.36627579,0.55,25.529166667
"432",2018,1,3780.42291666667,78.9,200,1903.89917,50.36627579,0.55,25.529166667
"433",2018,1,3780.42291666667,78.9,200,1903.89917,50.36627579,0.55,25.529166667
"434",2018,0,2504.65105263158,48,203,1986.083252,11.25450611,0.82,24.541666667
"435",2018,1,1169.07375,66.6,203,2049.023438,28.71432304,0.82,24.541666667
"436",2018,0,1711.889,54.2,205,2100.415771,42.64966965,0.94,22.028571429
"437",2018,30,1711.889,54.2,205,2100.415771,42.64966965,0.94,22.028571429
"438",2018,0,1711.889,54.2,205,2100.415771,42.64966965,0.94,22.028571429
"439",2018,0,1711.889,54.2,205,2100.415771,42.64966965,0.94,22.028571429
"440",2018,395,1711.889,54.2,205,2100.415771,42.64966965,0.94,22.028571429
"441",2018,0,1711.889,54.2,205,2100.415771,42.64966965,0.94,22.028571429
"442",2018,450,2504.65105263158,49.5,205,1986.083252,11.25450611,0.94,22.028571429
"443",2018,1,2504.65105263158,49.5,205,1986.083252,11.25450611,0.94,22.028571429
"444",2018,679,2504.65105263158,49.5,205,1986.083252,11.25450611,0.94,22.028571429
"445",2018,0,2504.65105263158,49.5,205,1986.083252,11.25450611,0.94,22.028571429
"446",2018,0,2504.65105263158,49.5,205,1986.083252,11.25450611,0.94,22.028571429
"447",2018,17,1658.05714285714,56.3,205,2020.144531,13.11841393,0.94,22.028571429
"448",2018,817,1658.05714285714,56.3,205,2020.144531,13.11841393,0.94,22.028571429
"449",2018,4,1658.05714285714,56.3,205,2020.144531,13.11841393,0.94,22.028571429
"450",2018,10,1658.05714285714,56.3,205,2020.144531,13.11841393,0.94,22.028571429
"451",2018,300,1169.07375,66.6,205,2049.023438,28.71432304,0.94,22.028571429
"452",2018,41,1169.07375,66.6,205,2049.023438,28.71432304,0.94,22.028571429
"453",2018,1,1169.07375,66.6,205,2049.023438,28.71432304,0.94,22.028571429
"454",2018,1,1169.07375,66.6,205,2049.023438,28.71432304,0.94,22.028571429
"455",2018,164,1169.07375,66.6,205,2049.023438,28.71432304,0.94,22.028571429
